<?xml version="1.0" encoding="UTF-8" ?>
<!DOCTYPE mapper PUBLIC "-//mybatis.org//DTD Mapper 3.0//EN" "http://mybatis.org/dtd/mybatis-3-mapper.dtd">
<mapper namespace="com.project.silbaram.dao.ReviewDAO">

    <select id="getNow" resultType="string">
        select now()
    </select>

    <insert id="insert">
        INSERT INTO `review` (`title`, `content`, `mid`, `reviewLike`, `bkid`, `regDate`)
        VALUES ('', #{content}, #{mid}, #{reviewLike}, #{bkid}, now())
    </insert>

    <select id="selectAll" resultType="com.project.silbaram.vo.ReviewVO">
        SELECT * FROM `review` r join `member` m on r.mid = m.mid
    </select>

    <select id="selectOne" resultType="com.project.silbaram.vo.ReviewVO">
        SELECT * FROM `review` WHERE `rid` = #{rid}
    </select>

    <delete id="delete">
        DELETE
        FROM `review`
        WHERE `rid` = #{rid}
    </delete>

    <update id="update">
        UPDATE `review` SET `content` = #{content} WHERE `rid` = #{rid}
    </update>



    <sql id="search">
        <where>
            <if test="types != null and types.length > 0">
                <foreach collection="types" item="type" open="(" close=")" separator=" OR">
                    <if test="type == 't'.toString()">
                        title like concat('%', #{keyword}, '%')
                    </if>
                    <if test="type == 'w'.toString()">
                        writer like concat('%', #{keyword}, '%')
                    </if>
                </foreach>
            </if>
        </where>
    </sql>


    <select id="list" resultType="com.project.silbaram.vo.ReviewVO">
        select * from `review` r
                 join `member` m on r.mid = m.nickName
        <include refid="search"></include>
        order by r.rid desc limit #{skip}, #{size}
    </select>
    <!--    mybatis는 getXXX, setXXX을 통해서 동작하기때문에 skip은 getSkip()을 호출-->

    <select id="getCount" resultType="int">
        select count(rid)
        from review
        <include refid="search"></include>
    </select>

    <select id="selectReviewByMid" resultType="com.project.silbaram.vo.ReviewVO">
        SELECT * FROM `review` WHERE `mid` = #{mid} and bkid = #{bkid}
    </select>

    <select id="listThree" resultType="com.project.silbaram.vo.ReviewVO">
        select * from `review`
        order by rid desc limit 0, 3
    </select>

</mapper>